{
	"info": {
		"_postman_id": "95695930-b3a7-4563-8f69-63cef3e180a7",
		"name": "Test",
		"schema": "https://schema.getpostman.com/json/collection/v2.1.0/collection.json",
		"_exporter_id": "40160277"
	},
	"item": [
		{
			"name": "Guest",
			"request": {
				"method": "GET",
				"header": [],
				"url": {
					"raw": "http://localhost:8080/api/guests",
					"protocol": "http",
					"host": [
						"localhost"
					],
					"port": "8080",
					"path": [
						"api",
						"guests"
					]
				}
			},
			"response": []
		},
		{
			"name": "Guest",
			"request": {
				"method": "POST",
				"header": [],
				"body": {
					"mode": "raw",
					"raw": "{\r\n    \"name\": \"Demo\",\r\n    \"email\": \"demo@gmail.com\",\r\n    \"phone\": \"9102904294\",\r\n    \"nationality\": \"xyz\"\r\n}",
					"options": {
						"raw": {
							"language": "json"
						}
					}
				},
				"url": {
					"raw": "http://localhost:8080/api/guests",
					"protocol": "http",
					"host": [
						"localhost"
					],
					"port": "8080",
					"path": [
						"api",
						"guests"
					]
				}
			},
			"response": []
		},
		{
			"name": "Guest",
			"request": {
				"method": "PUT",
				"header": [],
				"body": {
					"mode": "raw",
					"raw": "{\r\n    \"name\": \"Demo\",\r\n    \"email\": \"demo@gmail.com\",\r\n    \"phone\": \"9102904294\",\r\n    \"nationality\": \"xyzabc\"\r\n}",
					"options": {
						"raw": {
							"language": "json"
						}
					}
				},
				"url": {
					"raw": "http://localhost:8080/api/guests/G011",
					"protocol": "http",
					"host": [
						"localhost"
					],
					"port": "8080",
					"path": [
						"api",
						"guests",
						"G011"
					]
				}
			},
			"response": []
		},
		{
			"name": "Guest",
			"request": {
				"method": "DELETE",
				"header": [],
				"url": {
					"raw": "http://localhost:8080/api/guests/G011",
					"protocol": "http",
					"host": [
						"localhost"
					],
					"port": "8080",
					"path": [
						"api",
						"guests",
						"G011"
					]
				}
			},
			"response": []
		},
		{
			"name": "Facility",
			"request": {
				"method": "GET",
				"header": [],
				"url": {
					"raw": "http://localhost:8080/api/facilities",
					"protocol": "http",
					"host": [
						"localhost"
					],
					"port": "8080",
					"path": [
						"api",
						"facilities"
					]
				}
			},
			"response": []
		},
		{
			"name": "Facility",
			"request": {
				"method": "POST",
				"header": [],
				"body": {
					"mode": "raw",
					"raw": "{\r\n  \"name\": \"Cafe\",\r\n  \"hotel\": {\r\n    \"id\": \"H001\"\r\n  }\r\n}",
					"options": {
						"raw": {
							"language": "json"
						}
					}
				},
				"url": {
					"raw": "http://localhost:8080/api/facilities",
					"protocol": "http",
					"host": [
						"localhost"
					],
					"port": "8080",
					"path": [
						"api",
						"facilities"
					]
				}
			},
			"response": []
		}
	]
}